nouveau_fichier,source_originale,usage_site,dimensions,poids_ko,note
01-hero-facades/rama-facade-principale.webp,facaderama111.jpeg,Hero / page Rama,1008x567,106.1,"Facade principale, meilleure image institutionnelle."
01-hero-facades/rama-facade-cour-fontaine.webp,facaderama6.jpeg,Galerie / facade,1920x900,82.9,"Cour et fontaine, garder comme visuel ambiance."
01-hero-facades/rama-facade-balcons.webp,facaderama112.jpeg,Galerie / facade,1008x567,92.8,"Facade avec balcons, utile pour montrer le batiment."
02-chambres/rama-chambre-confort-lit.webp,confort3-rama.jpeg,Chambre Confort,1008x567,46.0,Photo principale chambre Confort.
02-chambres/rama-chambre-confort-detail-lit.webp,chambre-confort2.jpeg,Chambre Confort detail,1008x567,51.4,"Detail lit, galerie chambre."
02-chambres/rama-chambre-double-premium-lit.webp,double-premium.jpeg,Double Premium,1008x567,39.0,Photo principale Double Premium.
03-salles-eau/rama-salle-eau-confort.webp,toilleter chambre-confort-rama .jpeg,Salle eau Confort,567x1008,44.6,A associer a la chambre Confort.
03-salles-eau/rama-salle-eau-double-premium.webp,toilette-double-premium.jpeg,Salle eau Double Premium,567x1008,70.5,A associer a Double Premium.
04-accueil-circulation/rama-reception-accueil.webp,reception2.jpeg,Reception,1008x567,62.0,Image accueil/reception.
04-accueil-circulation/rama-reception-escalier.webp,corridor-rama .jpeg,Reception / circulation,1008x567,54.9,Reception avec escalier.
04-accueil-circulation/rama-couloir-chambres.webp,cooridorchambres33.jpeg,Couloir chambres,567x1008,43.8,Couloir propre pour galerie.
04-accueil-circulation/rama-escalier-etage.webp,ramacorridor.jpeg,Etage / escalier,567x1008,45.7,Escalier et etage.
05-espaces-polyvalents-galerie/rama-espace-polyvalent-reunion.webp,WhatsApp Image 2026-09-22 at 12.19.44.jpeg,Espace polyvalent,567x1008,89.9,"A nommer reunion/formation, pas salle de conference premium."
05-espaces-polyvalents-galerie/rama-espace-salon.webp,ramasalon.jpeg,Salon / detente,1008x567,52.7,"Salon, attente ou detente."
05-espaces-polyvalents-galerie/rama-espace-billard.webp,billard-rama.jpeg,Detente,567x1008,66.7,Espace billard.
05-espaces-polyvalents-galerie/rama-cour-exterieure.webp,courexterieurrama .peg.jpeg,Cour exterieure,1008x567,157.3,"Cour et entree, ambiance generale."
05-espaces-polyvalents-galerie/rama-vue-etage.webp,vueetagerama4.jpeg,Vue etage,1008x567,131.9,Vue depuis etage/balcon.
